indicator,cycle,index_value
Current performance,202605,53.9
Revenues,202605,41.2
Employees,202605,47.7
Hours,202605,45.5
Delivery time,202605,52.4
Demand,202605,43.6
Output prices,202605,55.5
Input prices,202605,68.2
Future performance,202605,54.8
Future employees,202605,52.8
Future hours,202605,52.9
Future delivery time,202605,53.0
Future demand,202605,55.1
Future output prices,202605,63.0
Future input prices,202605,73.6
,202605,
"Source: U.S. Census Bureau, Business Trends and Outlook Survey (BTOS) 2023-2025. The Census Bureau has reviewed this data product to ensure appropriate access, use, and disclosure avoidance protection of the confidential source data (Project No. P-7529868, Disclosure Review Board (DRB) approval numbers: CBDRB-FY25-0425).",202605,
Current performance,202604,53.8
Revenues,202604,39.4
Employees,202604,47.2
Hours,202604,43.8
Delivery time,202604,51.9
Demand,202604,42.2
Output prices,202604,55.8
Input prices,202604,68.6
Future performance,202604,55.1
Future employees,202604,53.3
Future hours,202604,53.5
Future delivery time,202604,52.4
Future demand,202604,56.1
Future output prices,202604,62.8
Future input prices,202604,73.7
,202604,
"Source: U.S. Census Bureau, Business Trends and Outlook Survey (BTOS) 2023-2025. The Census Bureau has reviewed this data product to ensure appropriate access, use, and disclosure avoidance protection of the confidential source data (Project No. P-7529868, Disclosure Review Board (DRB) approval numbers: CBDRB-FY25-0425).",202604,
Current performance,202603,54.6
Revenues,202603,39.2
Employees,202603,47.2
Hours,202603,44.1
Delivery time,202603,51.5
Demand,202603,41.8
Output prices,202603,56.0
Input prices,202603,68.7
Future performance,202603,55.3
Future employees,202603,53.2
Future hours,202603,53.4
Future delivery time,202603,52.9
Future demand,202603,55.6
Future output prices,202603,63.3
Future input prices,202603,74.8
,202603,
"Source: U.S. Census Bureau, Business Trends and Outlook Survey (BTOS) 2023-2025. The Census Bureau has reviewed this data product to ensure appropriate access, use, and disclosure avoidance protection of the confidential source data (Project No. P-7529868, Disclosure Review Board (DRB) approval numbers: CBDRB-FY25-0425).",202603,
Current performance,202602,55.0
Revenues,202602,38.0
Employees,202602,46.7
Hours,202602,42.2
Delivery time,202602,51.5
Demand,202602,41.0
Output prices,202602,56.5
Input prices,202602,68.7
Future performance,202602,55.4
Future employees,202602,53.6
Future hours,202602,53.7
Future delivery time,202602,53.0
Future demand,202602,56.1
Future output prices,202602,64.4
Future input prices,202602,75.4
,202602,
"Source: U.S. Census Bureau, Business Trends and Outlook Survey (BTOS) 2023-2025. The Census Bureau has reviewed this data product to ensure appropriate access, use, and disclosure avoidance protection of the confidential source data (Project No. P-7529868, Disclosure Review Board (DRB) approval numbers: CBDRB-FY25-0425).",202602,
Current performance,202601,54.2
Revenues,202601,36.9
Employees,202601,46.8
Hours,202601,38.8
Delivery time,202601,51.6
Demand,202601,39.8
Output prices,202601,53.1
Input prices,202601,65.1
Future performance,202601,54.5
Future employees,202601,52.6
Future hours,202601,52.4
Future delivery time,202601,51.8
Future demand,202601,55.3
Future output prices,202601,65.6
Future input prices,202601,75.6
,202601,
"Source: U.S. Census Bureau, Business Trends and Outlook Survey (BTOS) 2023-2025. The Census Bureau has reviewed this data product to ensure appropriate access, use, and disclosure avoidance protection of the confidential source data (Project No. P-7529868, Disclosure Review Board (DRB) approval numbers: CBDRB-FY25-0425).",202601,
Current performance,202526,54.8
Revenues,202526,39.5
Employees,202526,47.2
Hours,202526,44.6
Delivery time,202526,52.5
Demand,202526,42.1
Output prices,202526,54.1
Input prices,202526,67.8
Future performance,202526,54.4
Future employees,202526,52.2
Future hours,202526,51.4
Future delivery time,202526,52.2
Future demand,202526,53.9
Future output prices,202526,66.0
Future input prices,202526,76.0
,202526,
"Source: U.S. Census Bureau, Business Trends and Outlook Survey (BTOS) 2023-2025. The Census Bureau has reviewed this data product to ensure appropriate access, use, and disclosure avoidance protection of the confidential source data (Project No. P-7529868, Disclosure Review Board (DRB) approval numbers: CBDRB-FY25-0425).",202526,
Current performance,202525,54.1
Revenues,202525,38.2
Employees,202525,46.8
Hours,202525,42.6
Delivery time,202525,51.9
Demand,202525,40.2
Output prices,202525,54.1
Input prices,202525,67.6
Future performance,202525,53.6
Future employees,202525,51.4
Future hours,202525,50.9
Future delivery time,202525,52.6
Future demand,202525,53.0
Future output prices,202525,66.0
Future input prices,202525,76.2
,202525,
"Source: U.S. Census Bureau, Business Trends and Outlook Survey (BTOS) 2023-2025. The Census Bureau has reviewed this data product to ensure appropriate access, use, and disclosure avoidance protection of the confidential source data (Project No. P-7529868, Disclosure Review Board (DRB) approval numbers: CBDRB-FY25-0425).",202525,
Current performance,202524,54.4
Revenues,202524,39.9
Employees,202524,47.3
Hours,202524,44.7
Delivery time,202524,52.1
Demand,202524,41.5
Output prices,202524,54.1
Input prices,202524,68.0
Future performance,202524,53.7
Future employees,202524,51.3
Future hours,202524,50.8
Future delivery time,202524,53.0
Future demand,202524,52.8
Future output prices,202524,65.8
Future input prices,202524,76.2
,202524,
"Source: U.S. Census Bureau, Business Trends and Outlook Survey (BTOS) 2023-2025. The Census Bureau has reviewed this data product to ensure appropriate access, use, and disclosure avoidance protection of the confidential source data (Project No. P-7529868, Disclosure Review Board (DRB) approval numbers: CBDRB-FY25-0425).",202524,
Current performance,202523,
Revenues,202523,
Employees,202523,
Hours,202523,
Delivery time,202523,
Demand,202523,
Output prices,202523,
Input prices,202523,
Future performance,202523,
Future employees,202523,
Future hours,202523,
Future delivery time,202523,
Future demand,202523,
Future output prices,202523,
Future input prices,202523,
,202523,
"Source: U.S. Census Bureau, Business Trends and Outlook Survey (BTOS) 2023-2025. The Census Bureau has reviewed this data product to ensure appropriate access, use, and disclosure avoidance protection of the confidential source data (Project No. P-7529868, Disclosure Review Board (DRB) approval numbers: CBDRB-FY25-0425).",202523,
Current performance,202522,
Revenues,202522,
Employees,202522,
Hours,202522,
Delivery time,202522,
Demand,202522,
Output prices,202522,
Input prices,202522,
Future performance,202522,
Future employees,202522,
Future hours,202522,
Future delivery time,202522,
Future demand,202522,
Future output prices,202522,
Future input prices,202522,
,202522,
"Source: U.S. Census Bureau, Business Trends and Outlook Survey (BTOS) 2023-2025. The Census Bureau has reviewed this data product to ensure appropriate access, use, and disclosure avoidance protection of the confidential source data (Project No. P-7529868, Disclosure Review Board (DRB) approval numbers: CBDRB-FY25-0425).",202522,
Current performance,202521,
Revenues,202521,
Employees,202521,
Hours,202521,
Delivery time,202521,
Demand,202521,
Output prices,202521,
Input prices,202521,
Future performance,202521,
Future employees,202521,
Future hours,202521,
Future delivery time,202521,
Future demand,202521,
Future output prices,202521,
Future input prices,202521,
,202521,
"Source: U.S. Census Bureau, Business Trends and Outlook Survey (BTOS) 2023-2025. The Census Bureau has reviewed this data product to ensure appropriate access, use, and disclosure avoidance protection of the confidential source data (Project No. P-7529868, Disclosure Review Board (DRB) approval numbers: CBDRB-FY25-0425).",202521,
Current performance,202520,56.4
Revenues,202520,42.3
Employees,202520,47.9
Hours,202520,46.4
Delivery time,202520,52.9
Demand,202520,43.3
Output prices,202520,55.5
Input prices,202520,69.4
Future performance,202520,55.1
Future employees,202520,51.4
Future hours,202520,50.0
Future delivery time,202520,53.9
Future demand,202520,52.5
Future output prices,202520,65.9
Future input prices,202520,76.6
,202520,
"Source: U.S. Census Bureau, Business Trends and Outlook Survey (BTOS) 2023-2025. The Census Bureau has reviewed this data product to ensure appropriate access, use, and disclosure avoidance protection of the confidential source data (Project No. P-7529868, Disclosure Review Board (DRB) approval numbers: CBDRB-FY25-0425).",202520,
Current performance,202519,56.1
Revenues,202519,41.1
Employees,202519,47.3
Hours,202519,45.2
Delivery time,202519,53.0
Demand,202519,42.7
Output prices,202519,56.0
Input prices,202519,70.0
Future performance,202519,54.7
Future employees,202519,51.0
Future hours,202519,49.7
Future delivery time,202519,54.7
Future demand,202519,51.8
Future output prices,202519,65.8
Future input prices,202519,77.2
,202519,
"Source: U.S. Census Bureau, Business Trends and Outlook Survey (BTOS) 2023-2025. The Census Bureau has reviewed this data product to ensure appropriate access, use, and disclosure avoidance protection of the confidential source data (Project No. P-7529868, Disclosure Review Board (DRB) approval numbers: CBDRB-FY25-0425).",202519,
Current performance,202518,56.5
Revenues,202518,42.1
Employees,202518,47.8
Hours,202518,46.1
Delivery time,202518,52.7
Demand,202518,43.2
Output prices,202518,55.7
Input prices,202518,69.3
Future performance,202518,54.9
Future employees,202518,51.0
Future hours,202518,49.8
Future delivery time,202518,54.5
Future demand,202518,51.7
Future output prices,202518,65.9
Future input prices,202518,76.8
,202518,
"Source: U.S. Census Bureau, Business Trends and Outlook Survey (BTOS) 2023-2025. The Census Bureau has reviewed this data product to ensure appropriate access, use, and disclosure avoidance protection of the confidential source data (Project No. P-7529868, Disclosure Review Board (DRB) approval numbers: CBDRB-FY25-0425).",202518,
Current performance,202517,56.8
Revenues,202517,42.5
Employees,202517,47.9
Hours,202517,46.4
Delivery time,202517,53.0
Demand,202517,43.8
Output prices,202517,56.6
Input prices,202517,70.3
Future performance,202517,55.6
Future employees,202517,51.1
Future hours,202517,50.1
Future delivery time,202517,54.0
Future demand,202517,51.9
Future output prices,202517,65.9
Future input prices,202517,76.8
,202517,
"Source: U.S. Census Bureau, Business Trends and Outlook Survey (BTOS) 2023-2025. The Census Bureau has reviewed this data product to ensure appropriate access, use, and disclosure avoidance protection of the confidential source data (Project No. P-7529868, Disclosure Review Board (DRB) approval numbers: CBDRB-FY25-0425).",202517,
Current performance,202516,56.9
Revenues,202516,42.7
Employees,202516,48.1
Hours,202516,46.8
Delivery time,202516,52.6
Demand,202516,44.1
Output prices,202516,55.5
Input prices,202516,68.7
Future performance,202516,55.3
Future employees,202516,50.8
Future hours,202516,49.8
Future delivery time,202516,54.2
Future demand,202516,51.6
Future output prices,202516,65.2
Future input prices,202516,75.9
,202516,
"Source: U.S. Census Bureau, Business Trends and Outlook Survey (BTOS) 2023-2025. The Census Bureau has reviewed this data product to ensure appropriate access, use, and disclosure avoidance protection of the confidential source data (Project No. P-7529868, Disclosure Review Board (DRB) approval numbers: CBDRB-FY25-0425).",202516,
Current performance,202515,56.9
Revenues,202515,41.8
Employees,202515,48.2
Hours,202515,46.0
Delivery time,202515,52.9
Demand,202515,43.6
Output prices,202515,56.2
Input prices,202515,69.9
Future performance,202515,55.6
Future employees,202515,51.2
Future hours,202515,50.1
Future delivery time,202515,54.2
Future demand,202515,52.0
Future output prices,202515,64.9
Future input prices,202515,76.1
,202515,
"Source: U.S. Census Bureau, Business Trends and Outlook Survey (BTOS) 2023-2025. The Census Bureau has reviewed this data product to ensure appropriate access, use, and disclosure avoidance protection of the confidential source data (Project No. P-7529868, Disclosure Review Board (DRB) approval numbers: CBDRB-FY25-0425).",202515,
Current performance,202514,52.3
Revenues,202514,42.4
Employees,202514,48.1
Hours,202514,46.4
Delivery time,202514,52.8
Demand,202514,44.2
Output prices,202514,54.8
Input prices,202514,67.3
Future performance,202514,52.3
Future employees,202514,50.4
Future hours,202514,49.2
Future delivery time,202514,54.0
Future demand,202514,50.9
Future output prices,202514,62.3
Future input prices,202514,72.9
,202514,
"Source: U.S. Census Bureau, Business Trends and Outlook Survey (BTOS) 2023-2025. The Census Bureau has reviewed this data product to ensure appropriate access, use, and disclosure avoidance protection of the confidential source data (Project No. P-7529868, Disclosure Review Board (DRB) approval numbers: CBDRB-FY25-0425).",202514,
Current performance,202513,52.2
Revenues,202513,41.7
Employees,202513,48.4
Hours,202513,46.5
Delivery time,202513,53.3
Demand,202513,43.7
Output prices,202513,55.1
Input prices,202513,67.7
Future performance,202513,52.5
Future employees,202513,50.3
Future hours,202513,49.3
Future delivery time,202513,54.0
Future demand,202513,50.1
Future output prices,202513,62.4
Future input prices,202513,72.7
,202513,
"Source: U.S. Census Bureau, Business Trends and Outlook Survey (BTOS) 2023-2025. The Census Bureau has reviewed this data product to ensure appropriate access, use, and disclosure avoidance protection of the confidential source data (Project No. P-7529868, Disclosure Review Board (DRB) approval numbers: CBDRB-FY25-0425).",202513,
Current performance,202512,52.3
Revenues,202512,42.1
Employees,202512,48.4
Hours,202512,46.6
Delivery time,202512,53.5
Demand,202512,44.3
Output prices,202512,56.4
Input prices,202512,69.8
Future performance,202512,52.2
Future employees,202512,50.6
Future hours,202512,49.5
Future delivery time,202512,55.4
Future demand,202512,50.4
Future output prices,202512,63.3
Future input prices,202512,74.1
,202512,
"Source: U.S. Census Bureau, Business Trends and Outlook Survey (BTOS) 2023-2025. The Census Bureau has reviewed this data product to ensure appropriate access, use, and disclosure avoidance protection of the confidential source data (Project No. P-7529868, Disclosure Review Board (DRB) approval numbers: CBDRB-FY25-0425).",202512,
Current performance,202511,52.0
Revenues,202511,42.4
Employees,202511,48.4
Hours,202511,46.9
Delivery time,202511,53.8
Demand,202511,44.4
Output prices,202511,56.0
Input prices,202511,69.0
Future performance,202511,52.2
Future employees,202511,50.8
Future hours,202511,49.9
Future delivery time,202511,56.3
Future demand,202511,50.4
Future output prices,202511,63.7
Future input prices,202511,74.0
,202511,
"Source: U.S. Census Bureau, Business Trends and Outlook Survey (BTOS) 2023-2025. The Census Bureau has reviewed this data product to ensure appropriate access, use, and disclosure avoidance protection of the confidential source data (Project No. P-7529868, Disclosure Review Board (DRB) approval numbers: CBDRB-FY25-0425).",202511,
Current performance,202510,51.7
Revenues,202510,41.6
Employees,202510,47.8
Hours,202510,46.3
Delivery time,202510,53.8
Demand,202510,43.6
Output prices,202510,56.6
Input prices,202510,69.9
Future performance,202510,52.0
Future employees,202510,51.2
Future hours,202510,50.0
Future delivery time,202510,57.2
Future demand,202510,49.9
Future output prices,202510,64.2
Future input prices,202510,75.0
,202510,
"Source: U.S. Census Bureau, Business Trends and Outlook Survey (BTOS) 2023-2025. The Census Bureau has reviewed this data product to ensure appropriate access, use, and disclosure avoidance protection of the confidential source data (Project No. P-7529868, Disclosure Review Board (DRB) approval numbers: CBDRB-FY25-0425).",202510,
Current performance,202509,51.3
Revenues,202509,41.3
Employees,202509,47.8
Hours,202509,46.4
Delivery time,202509,53.6
Demand,202509,43.5
Output prices,202509,56.0
Input prices,202509,69.2
Future performance,202509,51.2
Future employees,202509,51.0
Future hours,202509,50.0
Future delivery time,202509,57.7
Future demand,202509,49.1
Future output prices,202509,64.3
Future input prices,202509,75.7
,202509,
"Source: U.S. Census Bureau, Business Trends and Outlook Survey (BTOS) 2023-2025. The Census Bureau has reviewed this data product to ensure appropriate access, use, and disclosure avoidance protection of the confidential source data (Project No. P-7529868, Disclosure Review Board (DRB) approval numbers: CBDRB-FY25-0425).",202509,
Current performance,202508,52.1
Revenues,202508,41.6
Employees,202508,47.9
Hours,202508,46.7
Delivery time,202508,52.7
Demand,202508,44.1
Output prices,202508,55.8
Input prices,202508,68.7
Future performance,202508,51.4
Future employees,202508,51.0
Future hours,202508,50.3
Future delivery time,202508,57.3
Future demand,202508,49.1
Future output prices,202508,64.7
Future input prices,202508,76.7
,202508,
"Source: U.S. Census Bureau, Business Trends and Outlook Survey (BTOS) 2023-2025. The Census Bureau has reviewed this data product to ensure appropriate access, use, and disclosure avoidance protection of the confidential source data (Project No. P-7529868, Disclosure Review Board (DRB) approval numbers: CBDRB-FY25-0425).",202508,
Current performance,202507,52.4
Revenues,202507,42.5
Employees,202507,47.9
Hours,202507,46.8
Delivery time,202507,52.4
Demand,202507,45.0
Output prices,202507,54.8
Input prices,202507,67.0
Future performance,202507,52.9
Future employees,202507,52.4
Future hours,202507,51.9
Future delivery time,202507,54.6
Future demand,202507,52.4
Future output prices,202507,63.1
Future input prices,202507,73.7
,202507,
"Source: U.S. Census Bureau, Business Trends and Outlook Survey (BTOS) 2023-2025. The Census Bureau has reviewed this data product to ensure appropriate access, use, and disclosure avoidance protection of the confidential source data (Project No. P-7529868, Disclosure Review Board (DRB) approval numbers: CBDRB-FY25-0425).",202507,
Current performance,202506,52.4
Revenues,202506,41.3
Employees,202506,47.3
Hours,202506,45.8
Delivery time,202506,52.4
Demand,202506,44.1
Output prices,202506,55.6
Input prices,202506,69.0
Future performance,202506,53.0
Future employees,202506,52.5
Future hours,202506,52.5
Future delivery time,202506,55.1
Future demand,202506,53.4
Future output prices,202506,63.8
Future input prices,202506,74.5
,202506,
"Source: U.S. Census Bureau, Business Trends and Outlook Survey (BTOS) 2023-2025. The Census Bureau has reviewed this data product to ensure appropriate access, use, and disclosure avoidance protection of the confidential source data (Project No. P-7529868, Disclosure Review Board (DRB) approval numbers: CBDRB-FY25-0425).",202506,
Current performance,202505,52.3
Revenues,202505,40.3
Employees,202505,47.4
Hours,202505,45.1
Delivery time,202505,52.3
Demand,202505,43.6
Output prices,202505,54.7
Input prices,202505,67.1
Future performance,202505,53.8
Future employees,202505,53.4
Future hours,202505,53.5
Future delivery time,202505,54.3
Future demand,202505,55.2
Future output prices,202505,63.1
Future input prices,202505,73.5
,202505,
"Source: U.S. Census Bureau, Business Trends and Outlook Survey (BTOS) 2023-2025. The Census Bureau has reviewed this data product to ensure appropriate access, use, and disclosure avoidance protection of the confidential source data (Project No. P-7529868, Disclosure Review Board (DRB) approval numbers: CBDRB-FY25-0425).",202505,
Current performance,202504,52.4
Revenues,202504,40.3
Employees,202504,47.4
Hours,202504,45.3
Delivery time,202504,52.0
Demand,202504,43.4
Output prices,202504,55.2
Input prices,202504,67.3
Future performance,202504,54.3
Future employees,202504,53.9
Future hours,202504,54.1
Future delivery time,202504,53.6
Future demand,202504,56.8
Future output prices,202504,62.9
Future input prices,202504,72.7
,202504,
"Source: U.S. Census Bureau, Business Trends and Outlook Survey (BTOS) 2023-2025. The Census Bureau has reviewed this data product to ensure appropriate access, use, and disclosure avoidance protection of the confidential source data (Project No. P-7529868, Disclosure Review Board (DRB) approval numbers: CBDRB-FY25-0425).",202504,
Current performance,202503,52.8
Revenues,202503,40.5
Employees,202503,47.3
Hours,202503,45.0
Delivery time,202503,51.7
Demand,202503,43.6
Output prices,202503,54.5
Input prices,202503,65.4
Future performance,202503,55.1
Future employees,202503,54.5
Future hours,202503,54.9
Future delivery time,202503,52.7
Future demand,202503,58.3
Future output prices,202503,62.4
Future input prices,202503,71.0
,202503,
"Source: U.S. Census Bureau, Business Trends and Outlook Survey (BTOS) 2023-2025. The Census Bureau has reviewed this data product to ensure appropriate access, use, and disclosure avoidance protection of the confidential source data (Project No. P-7529868, Disclosure Review Board (DRB) approval numbers: CBDRB-FY25-0425).",202503,
Current performance,202502,53.8
Revenues,202502,37.2
Employees,202502,46.4
Hours,202502,41.7
Delivery time,202502,52.2
Demand,202502,41.4
Output prices,202502,55.3
Input prices,202502,66.7
Future performance,202502,55.8
Future employees,202502,54.9
Future hours,202502,55.2
Future delivery time,202502,51.7
Future demand,202502,59.8
Future output prices,202502,63.2
Future input prices,202502,72.4
,202502,
"Source: U.S. Census Bureau, Business Trends and Outlook Survey (BTOS) 2023-2025. The Census Bureau has reviewed this data product to ensure appropriate access, use, and disclosure avoidance protection of the confidential source data (Project No. P-7529868, Disclosure Review Board (DRB) approval numbers: CBDRB-FY25-0425).",202502,
Current performance,202501,53.5
Revenues,202501,36.9
Employees,202501,46.6
Hours,202501,38.6
Delivery time,202501,53.4
Demand,202501,41.0
Output prices,202501,52.1
Input prices,202501,62.6
Future performance,202501,55.1
Future employees,202501,54.2
Future hours,202501,54.4
Future delivery time,202501,51.4
Future demand,202501,58.9
Future output prices,202501,64.7
Future input prices,202501,72.8
,202501,
"Source: U.S. Census Bureau, Business Trends and Outlook Survey (BTOS) 2023-2025. The Census Bureau has reviewed this data product to ensure appropriate access, use, and disclosure avoidance protection of the confidential source data (Project No. P-7529868, Disclosure Review Board (DRB) approval numbers: CBDRB-FY25-0425).",202501,
Current performance,202426,53.6
Revenues,202426,40.3
Employees,202426,47.5
Hours,202426,45.3
Delivery time,202426,52.5
Demand,202426,43.7
Output prices,202426,52.6
Input prices,202426,64.2
Future performance,202426,55.0
Future employees,202426,53.9
Future hours,202426,53.9
Future delivery time,202426,51.6
Future demand,202426,58.7
Future output prices,202426,64.5
Future input prices,202426,72.4
,202426,
"Source: U.S. Census Bureau, Business Trends and Outlook Survey (BTOS) 2023-2025. The Census Bureau has reviewed this data product to ensure appropriate access, use, and disclosure avoidance protection of the confidential source data (Project No. P-7529868, Disclosure Review Board (DRB) approval numbers: CBDRB-FY25-0425).",202426,
Current performance,202425,53.0
Revenues,202425,40.2
Employees,202425,47.3
Hours,202425,44.0
Delivery time,202425,52.3
Demand,202425,43.3
Output prices,202425,53.0
Input prices,202425,65.1
Future performance,202425,54.9
Future employees,202425,54.0
Future hours,202425,53.8
Future delivery time,202425,51.8
Future demand,202425,58.7
Future output prices,202425,64.3
Future input prices,202425,71.7
,202425,
"Source: U.S. Census Bureau, Business Trends and Outlook Survey (BTOS) 2023-2025. The Census Bureau has reviewed this data product to ensure appropriate access, use, and disclosure avoidance protection of the confidential source data (Project No. P-7529868, Disclosure Review Board (DRB) approval numbers: CBDRB-FY25-0425).",202425,
Current performance,202424,53.4
Revenues,202424,41.7
Employees,202424,47.6
Hours,202424,45.7
Delivery time,202424,51.3
Demand,202424,44.4
Output prices,202424,52.4
Input prices,202424,63.1
Future performance,202424,55.1
Future employees,202424,54.1
Future hours,202424,53.5
Future delivery time,202424,51.6
Future demand,202424,58.2
Future output prices,202424,63.5
Future input prices,202424,69.7
,202424,
"Source: U.S. Census Bureau, Business Trends and Outlook Survey (BTOS) 2023-2025. The Census Bureau has reviewed this data product to ensure appropriate access, use, and disclosure avoidance protection of the confidential source data (Project No. P-7529868, Disclosure Review Board (DRB) approval numbers: CBDRB-FY25-0425).",202424,
Current performance,202423,53.2
Revenues,202423,40.6
Employees,202423,47.3
Hours,202423,45.2
Delivery time,202423,51.7
Demand,202423,42.7
Output prices,202423,53.4
Input prices,202423,65.2
Future performance,202423,54.6
Future employees,202423,53.2
Future hours,202423,52.8
Future delivery time,202423,51.2
Future demand,202423,57.7
Future output prices,202423,63.0
Future input prices,202423,69.6
,202423,
"Source: U.S. Census Bureau, Business Trends and Outlook Survey (BTOS) 2023-2025. The Census Bureau has reviewed this data product to ensure appropriate access, use, and disclosure avoidance protection of the confidential source data (Project No. P-7529868, Disclosure Review Board (DRB) approval numbers: CBDRB-FY25-0425).",202423,
Current performance,202422,55.2
Revenues,202422,41.5
Employees,202422,47.7
Hours,202422,46.0
Delivery time,202422,52.2
Demand,202422,43.7
Output prices,202422,53.4
Input prices,202422,65.9
Future performance,202422,54.9
Future employees,202422,52.6
Future hours,202422,51.6
Future delivery time,202422,51.6
Future demand,202422,56.0
Future output prices,202422,64.2
Future input prices,202422,73.7
,202422,
"Source: U.S. Census Bureau, Business Trends and Outlook Survey (BTOS) 2023-2025. The Census Bureau has reviewed this data product to ensure appropriate access, use, and disclosure avoidance protection of the confidential source data (Project No. P-7529868, Disclosure Review Board (DRB) approval numbers: CBDRB-FY25-0425).",202422,
Current performance,202421,54.9
Revenues,202421,40.0
Employees,202421,47.4
Hours,202421,45.4
Delivery time,202421,52.2
Demand,202421,42.9
Output prices,202421,53.7
Input prices,202421,66.6
Future performance,202421,54.2
Future employees,202421,51.9
Future hours,202421,51.0
Future delivery time,202421,52.2
Future demand,202421,54.8
Future output prices,202421,64.3
Future input prices,202421,74.3
,202421,
"Source: U.S. Census Bureau, Business Trends and Outlook Survey (BTOS) 2023-2025. The Census Bureau has reviewed this data product to ensure appropriate access, use, and disclosure avoidance protection of the confidential source data (Project No. P-7529868, Disclosure Review Board (DRB) approval numbers: CBDRB-FY25-0425).",202421,
Current performance,202420,54.8
Revenues,202420,41.5
Employees,202420,47.6
Hours,202420,46.4
Delivery time,202420,52.0
Demand,202420,43.7
Output prices,202420,54.4
Input prices,202420,67.1
Future performance,202420,54.2
Future employees,202420,51.5
Future hours,202420,50.3
Future delivery time,202420,52.4
Future demand,202420,53.9
Future output prices,202420,63.9
Future input prices,202420,74.3
,202420,
"Source: U.S. Census Bureau, Business Trends and Outlook Survey (BTOS) 2023-2025. The Census Bureau has reviewed this data product to ensure appropriate access, use, and disclosure avoidance protection of the confidential source data (Project No. P-7529868, Disclosure Review Board (DRB) approval numbers: CBDRB-FY25-0425).",202420,
Current performance,202419,55.0
Revenues,202419,40.4
Employees,202419,47.4
Hours,202419,45.2
Delivery time,202419,51.7
Demand,202419,42.8
Output prices,202419,53.6
Input prices,202419,66.5
Future performance,202419,54.1
Future employees,202419,51.6
Future hours,202419,50.5
Future delivery time,202419,51.8
Future demand,202419,53.5
Future output prices,202419,63.6
Future input prices,202419,73.8
,202419,
"Source: U.S. Census Bureau, Business Trends and Outlook Survey (BTOS) 2023-2025. The Census Bureau has reviewed this data product to ensure appropriate access, use, and disclosure avoidance protection of the confidential source data (Project No. P-7529868, Disclosure Review Board (DRB) approval numbers: CBDRB-FY25-0425).",202419,
Current performance,202418,54.9
Revenues,202418,40.7
Employees,202418,47.2
Hours,202418,45.6
Delivery time,202418,51.5
Demand,202418,43.3
Output prices,202418,53.2
Input prices,202418,65.8
Future performance,202418,53.9
Future employees,202418,51.2
Future hours,202418,50.0
Future delivery time,202418,51.3
Future demand,202418,53.0
Future output prices,202418,63.4
Future input prices,202418,73.6
,202418,
"Source: U.S. Census Bureau, Business Trends and Outlook Survey (BTOS) 2023-2025. The Census Bureau has reviewed this data product to ensure appropriate access, use, and disclosure avoidance protection of the confidential source data (Project No. P-7529868, Disclosure Review Board (DRB) approval numbers: CBDRB-FY25-0425).",202418,
Current performance,202417,55.4
Revenues,202417,40.4
Employees,202417,47.4
Hours,202417,45.6
Delivery time,202417,52.1
Demand,202417,42.9
Output prices,202417,54.1
Input prices,202417,67.7
Future performance,202417,54.2
Future employees,202417,50.9
Future hours,202417,49.7
Future delivery time,202417,51.5
Future demand,202417,52.5
Future output prices,202417,63.0
Future input prices,202417,74.0
,202417,
"Source: U.S. Census Bureau, Business Trends and Outlook Survey (BTOS) 2023-2025. The Census Bureau has reviewed this data product to ensure appropriate access, use, and disclosure avoidance protection of the confidential source data (Project No. P-7529868, Disclosure Review Board (DRB) approval numbers: CBDRB-FY25-0425).",202417,
Current performance,202416,51.5
Revenues,202416,40.7
Employees,202416,47.5
Hours,202416,45.9
Delivery time,202416,51.7
Demand,202416,42.7
Output prices,202416,54.0
Input prices,202416,66.4
Future performance,202416,51.7
Future employees,202416,49.9
Future hours,202416,49.0
Future delivery time,202416,51.6
Future demand,202416,50.9
Future output prices,202416,61.6
Future input prices,202416,72.0
,202416,
"Source: U.S. Census Bureau, Business Trends and Outlook Survey (BTOS) 2023-2025. The Census Bureau has reviewed this data product to ensure appropriate access, use, and disclosure avoidance protection of the confidential source data (Project No. P-7529868, Disclosure Review Board (DRB) approval numbers: CBDRB-FY25-0425).",202416,
Current performance,202415,51.4
Revenues,202415,39.4
Employees,202415,47.8
Hours,202415,44.8
Delivery time,202415,51.6
Demand,202415,42.3
Output prices,202415,53.6
Input prices,202415,66.0
Future performance,202415,51.9
Future employees,202415,50.2
Future hours,202415,49.3
Future delivery time,202415,51.6
Future demand,202415,51.5
Future output prices,202415,61.2
Future input prices,202415,71.9
,202415,
"Source: U.S. Census Bureau, Business Trends and Outlook Survey (BTOS) 2023-2025. The Census Bureau has reviewed this data product to ensure appropriate access, use, and disclosure avoidance protection of the confidential source data (Project No. P-7529868, Disclosure Review Board (DRB) approval numbers: CBDRB-FY25-0425).",202415,
Current performance,202414,51.6
Revenues,202414,41.5
Employees,202414,48.0
Hours,202414,46.5
Delivery time,202414,51.7
Demand,202414,43.9
Output prices,202414,54.2
Input prices,202414,67.1
Future performance,202414,51.8
Future employees,202414,50.1
Future hours,202414,49.3
Future delivery time,202414,52.0
Future demand,202414,51.1
Future output prices,202414,61.3
Future input prices,202414,72.6
,202414,
"Source: U.S. Census Bureau, Business Trends and Outlook Survey (BTOS) 2023-2025. The Census Bureau has reviewed this data product to ensure appropriate access, use, and disclosure avoidance protection of the confidential source data (Project No. P-7529868, Disclosure Review Board (DRB) approval numbers: CBDRB-FY25-0425).",202414,
Current performance,202413,52.3
Revenues,202413,42.1
Employees,202413,48.6
Hours,202413,47.2
Delivery time,202413,51.7
Demand,202413,44.6
Output prices,202413,54.3
Input prices,202413,66.5
Future performance,202413,52.5
Future employees,202413,50.5
Future hours,202413,49.6
Future delivery time,202413,51.6
Future demand,202413,51.2
Future output prices,202413,61.3
Future input prices,202413,72.3
,202413,
"Source: U.S. Census Bureau, Business Trends and Outlook Survey (BTOS) 2023-2025. The Census Bureau has reviewed this data product to ensure appropriate access, use, and disclosure avoidance protection of the confidential source data (Project No. P-7529868, Disclosure Review Board (DRB) approval numbers: CBDRB-FY25-0425).",202413,
Current performance,202412,52.1
Revenues,202412,42.6
Employees,202412,48.4
Hours,202412,46.9
Delivery time,202412,51.8
Demand,202412,44.8
Output prices,202412,54.7
Input prices,202412,67.7
Future performance,202412,52.3
Future employees,202412,50.6
Future hours,202412,50.0
Future delivery time,202412,51.4
Future demand,202412,51.0
Future output prices,202412,61.5
Future input prices,202412,72.5
,202412,
"Source: U.S. Census Bureau, Business Trends and Outlook Survey (BTOS) 2023-2025. The Census Bureau has reviewed this data product to ensure appropriate access, use, and disclosure avoidance protection of the confidential source data (Project No. P-7529868, Disclosure Review Board (DRB) approval numbers: CBDRB-FY25-0425).",202412,
Current performance,202411,52.2
Revenues,202411,42.5
Employees,202411,48.5
Hours,202411,47.1
Delivery time,202411,51.6
Demand,202411,45.1
Output prices,202411,54.5
Input prices,202411,67.1
Future performance,202411,52.4
Future employees,202411,51.3
Future hours,202411,50.5
Future delivery time,202411,51.8
Future demand,202411,51.6
Future output prices,202411,61.8
Future input prices,202411,72.7
,202411,
"Source: U.S. Census Bureau, Business Trends and Outlook Survey (BTOS) 2023-2025. The Census Bureau has reviewed this data product to ensure appropriate access, use, and disclosure avoidance protection of the confidential source data (Project No. P-7529868, Disclosure Review Board (DRB) approval numbers: CBDRB-FY25-0425).",202411,
Current performance,202410,52.9
Revenues,202410,43.4
Employees,202410,48.1
Hours,202410,47.1
Delivery time,202410,52.2
Demand,202410,45.5
Output prices,202410,55.2
Input prices,202410,68.6
Future performance,202410,53.3
Future employees,202410,51.9
Future hours,202410,51.2
Future delivery time,202410,52.0
Future demand,202410,52.9
Future output prices,202410,62.2
Future input prices,202410,73.6
,202410,
"Source: U.S. Census Bureau, Business Trends and Outlook Survey (BTOS) 2023-2025. The Census Bureau has reviewed this data product to ensure appropriate access, use, and disclosure avoidance protection of the confidential source data (Project No. P-7529868, Disclosure Review Board (DRB) approval numbers: CBDRB-FY25-0425).",202410,
Current performance,202409,52.5
Revenues,202409,42.7
Employees,202409,48.2
Hours,202409,47.2
Delivery time,202409,51.9
Demand,202409,45.0
Output prices,202409,54.9
Input prices,202409,68.0
Future performance,202409,52.9
Future employees,202409,52.2
Future hours,202409,51.9
Future delivery time,202409,52.3
Future demand,202409,52.9
Future output prices,202409,62.2
Future input prices,202409,73.3
,202409,
"Source: U.S. Census Bureau, Business Trends and Outlook Survey (BTOS) 2023-2025. The Census Bureau has reviewed this data product to ensure appropriate access, use, and disclosure avoidance protection of the confidential source data (Project No. P-7529868, Disclosure Review Board (DRB) approval numbers: CBDRB-FY25-0425).",202409,
Current performance,202408,52.5
Revenues,202408,42.5
Employees,202408,48.1
Hours,202408,46.8
Delivery time,202408,51.9
Demand,202408,45.4
Output prices,202408,55.3
Input prices,202408,68.5
Future performance,202408,53.1
Future employees,202408,52.6
Future hours,202408,52.1
Future delivery time,202408,52.2
Future demand,202408,53.6
Future output prices,202408,62.5
Future input prices,202408,74.0
,202408,
"Source: U.S. Census Bureau, Business Trends and Outlook Survey (BTOS) 2023-2025. The Census Bureau has reviewed this data product to ensure appropriate access, use, and disclosure avoidance protection of the confidential source data (Project No. P-7529868, Disclosure Review Board (DRB) approval numbers: CBDRB-FY25-0425).",202408,
Current performance,202407,52.9
Revenues,202407,42.8
Employees,202407,48.2
Hours,202407,47.0
Delivery time,202407,51.5
Demand,202407,45.8
Output prices,202407,54.7
Input prices,202407,67.6
Future performance,202407,53.6
Future employees,202407,53.2
Future hours,202407,52.9
Future delivery time,202407,52.5
Future demand,202407,54.6
Future output prices,202407,62.3
Future input prices,202407,73.3
,202407,
"Source: U.S. Census Bureau, Business Trends and Outlook Survey (BTOS) 2023-2025. The Census Bureau has reviewed this data product to ensure appropriate access, use, and disclosure avoidance protection of the confidential source data (Project No. P-7529868, Disclosure Review Board (DRB) approval numbers: CBDRB-FY25-0425).",202407,
Current performance,202406,53.0
Revenues,202406,42.5
Employees,202406,47.9
Hours,202406,46.7
Delivery time,202406,51.6
Demand,202406,45.7
Output prices,202406,55.4
Input prices,202406,68.4
Future performance,202406,53.8
Future employees,202406,53.4
Future hours,202406,53.5
Future delivery time,202406,51.9
Future demand,202406,55.7
Future output prices,202406,62.4
Future input prices,202406,73.3
,202406,
"Source: U.S. Census Bureau, Business Trends and Outlook Survey (BTOS) 2023-2025. The Census Bureau has reviewed this data product to ensure appropriate access, use, and disclosure avoidance protection of the confidential source data (Project No. P-7529868, Disclosure Review Board (DRB) approval numbers: CBDRB-FY25-0425).",202406,
Current performance,202405,52.9
Revenues,202405,41.8
Employees,202405,47.9
Hours,202405,46.1
Delivery time,202405,51.6
Demand,202405,44.9
Output prices,202405,54.9
Input prices,202405,66.9
Future performance,202405,53.9
Future employees,202405,53.8
Future hours,202405,53.8
Future delivery time,202405,52.0
Future demand,202405,56.0
Future output prices,202405,62.0
Future input prices,202405,72.6
,202405,
"Source: U.S. Census Bureau, Business Trends and Outlook Survey (BTOS) 2023-2025. The Census Bureau has reviewed this data product to ensure appropriate access, use, and disclosure avoidance protection of the confidential source data (Project No. P-7529868, Disclosure Review Board (DRB) approval numbers: CBDRB-FY25-0425).",202405,
Current performance,202404,53.4
Revenues,202404,40.8
Employees,202404,47.6
Hours,202404,45.6
Delivery time,202404,51.8
Demand,202404,44.1
Output prices,202404,55.6
Input prices,202404,68.3
Future performance,202404,54.4
Future employees,202404,53.8
Future hours,202404,53.9
Future delivery time,202404,52.0
Future demand,202404,56.5
Future output prices,202404,62.8
Future input prices,202404,73.8
,202404,
"Source: U.S. Census Bureau, Business Trends and Outlook Survey (BTOS) 2023-2025. The Census Bureau has reviewed this data product to ensure appropriate access, use, and disclosure avoidance protection of the confidential source data (Project No. P-7529868, Disclosure Review Board (DRB) approval numbers: CBDRB-FY25-0425).",202404,
Current performance,202403,53.1
Revenues,202403,39.6
Employees,202403,47.3
Hours,202403,45.1
Delivery time,202403,51.7
Demand,202403,43.1
Output prices,202403,54.8
Input prices,202403,67.1
Future performance,202403,54.3
Future employees,202403,54.1
Future hours,202403,54.5
Future delivery time,202403,51.6
Future demand,202403,57.1
Future output prices,202403,62.8
Future input prices,202403,73.2
,202403,
"Source: U.S. Census Bureau, Business Trends and Outlook Survey (BTOS) 2023-2025. The Census Bureau has reviewed this data product to ensure appropriate access, use, and disclosure avoidance protection of the confidential source data (Project No. P-7529868, Disclosure Review Board (DRB) approval numbers: CBDRB-FY25-0425).",202403,
Current performance,202402,53.4
Revenues,202402,37.2
Employees,202402,46.9
Hours,202402,43.1
Delivery time,202402,51.8
Demand,202402,41.5
Output prices,202402,56.0
Input prices,202402,68.1
Future performance,202402,54.0
Future employees,202402,53.9
Future hours,202402,54.4
Future delivery time,202402,51.7
Future demand,202402,57.1
Future output prices,202402,63.6
Future input prices,202402,74.2
,202402,
"Source: U.S. Census Bureau, Business Trends and Outlook Survey (BTOS) 2023-2025. The Census Bureau has reviewed this data product to ensure appropriate access, use, and disclosure avoidance protection of the confidential source data (Project No. P-7529868, Disclosure Review Board (DRB) approval numbers: CBDRB-FY25-0425).",202402,
Current performance,202401,54.3
Revenues,202401,37.0
Employees,202401,46.8
Hours,202401,38.9
Delivery time,202401,52.9
Demand,202401,41.0
Output prices,202401,53.1
Input prices,202401,64.7
Future performance,202401,54.6
Future employees,202401,54.1
Future hours,202401,54.3
Future delivery time,202401,51.2
Future demand,202401,57.0
Future output prices,202401,65.4
Future input prices,202401,75.4
,202401,
"Source: U.S. Census Bureau, Business Trends and Outlook Survey (BTOS) 2023-2025. The Census Bureau has reviewed this data product to ensure appropriate access, use, and disclosure avoidance protection of the confidential source data (Project No. P-7529868, Disclosure Review Board (DRB) approval numbers: CBDRB-FY25-0425).",202401,
Current performance,202326,54.4
Revenues,202326,40.3
Employees,202326,47.6
Hours,202326,45.6
Delivery time,202326,53.0
Demand,202326,43.5
Output prices,202326,53.2
Input prices,202326,65.1
Future performance,202326,54.4
Future employees,202326,53.3
Future hours,202326,53.0
Future delivery time,202326,51.4
Future demand,202326,55.5
Future output prices,202326,65.2
Future input prices,202326,74.7
,202326,
"Source: U.S. Census Bureau, Business Trends and Outlook Survey (BTOS) 2023-2025. The Census Bureau has reviewed this data product to ensure appropriate access, use, and disclosure avoidance protection of the confidential source data (Project No. P-7529868, Disclosure Review Board (DRB) approval numbers: CBDRB-FY25-0425).",202326,
Current performance,202325,54.5
Revenues,202325,39.5
Employees,202325,47.4
Hours,202325,44.3
Delivery time,202325,52.9
Demand,202325,42.9
Output prices,202325,53.5
Input prices,202325,66.4
Future performance,202325,54.3
Future employees,202325,53.2
Future hours,202325,52.8
Future delivery time,202325,51.6
Future demand,202325,54.8
Future output prices,202325,65.4
Future input prices,202325,75.3
,202325,
"Source: U.S. Census Bureau, Business Trends and Outlook Survey (BTOS) 2023-2025. The Census Bureau has reviewed this data product to ensure appropriate access, use, and disclosure avoidance protection of the confidential source data (Project No. P-7529868, Disclosure Review Board (DRB) approval numbers: CBDRB-FY25-0425).",202325,
Current performance,202324,56.0
Revenues,202324,40.8
Employees,202324,47.8
Hours,202324,45.8
Delivery time,202324,52.1
Demand,202324,43.3
Output prices,202324,53.3
Input prices,202324,66.0
Future performance,202324,54.4
Future employees,202324,52.7
Future hours,202324,52.2
Future delivery time,202324,51.7
Future demand,202324,54.5
Future output prices,202324,65.9
Future input prices,202324,76.0
,202324,
"Source: U.S. Census Bureau, Business Trends and Outlook Survey (BTOS) 2023-2025. The Census Bureau has reviewed this data product to ensure appropriate access, use, and disclosure avoidance protection of the confidential source data (Project No. P-7529868, Disclosure Review Board (DRB) approval numbers: CBDRB-FY25-0425).",202324,
Current performance,202323,56.1
Revenues,202323,40.6
Employees,202323,47.5
Hours,202323,45.9
Delivery time,202323,52.1
Demand,202323,42.9
Output prices,202323,53.8
Input prices,202323,67.3
Future performance,202323,54.3
Future employees,202323,52.6
Future hours,202323,51.7
Future delivery time,202323,51.8
Future demand,202323,54.2
Future output prices,202323,65.9
Future input prices,202323,76.7
,202323,
"Source: U.S. Census Bureau, Business Trends and Outlook Survey (BTOS) 2023-2025. The Census Bureau has reviewed this data product to ensure appropriate access, use, and disclosure avoidance protection of the confidential source data (Project No. P-7529868, Disclosure Review Board (DRB) approval numbers: CBDRB-FY25-0425).",202323,
Current performance,202322,56.0
Revenues,202322,41.6
Employees,202322,48.0
Hours,202322,46.8
Delivery time,202322,52.6
Demand,202322,43.6
Output prices,202322,55.2
Input prices,202322,68.7
Future performance,202322,54.1
Future employees,202322,51.9
Future hours,202322,50.9
Future delivery time,202322,51.8
Future demand,202322,52.5
Future output prices,202322,66.1
Future input prices,202322,77.6
,202322,
"Source: U.S. Census Bureau, Business Trends and Outlook Survey (BTOS) 2023-2025. The Census Bureau has reviewed this data product to ensure appropriate access, use, and disclosure avoidance protection of the confidential source data (Project No. P-7529868, Disclosure Review Board (DRB) approval numbers: CBDRB-FY25-0425).",202322,
Current performance,202321,56.3
Revenues,202321,41.0
Employees,202321,48.0
Hours,202321,46.4
Delivery time,202321,52.3
Demand,202321,43.3
Output prices,202321,54.7
Input prices,202321,68.7
Future performance,202321,54.2
Future employees,202321,52.2
Future hours,202321,51.0
Future delivery time,202321,52.3
Future demand,202321,52.6
Future output prices,202321,66.3
Future input prices,202321,78.0
,202321,
"Source: U.S. Census Bureau, Business Trends and Outlook Survey (BTOS) 2023-2025. The Census Bureau has reviewed this data product to ensure appropriate access, use, and disclosure avoidance protection of the confidential source data (Project No. P-7529868, Disclosure Review Board (DRB) approval numbers: CBDRB-FY25-0425).",202321,
Current performance,202320,56.4
Revenues,202320,41.3
Employees,202320,48.2
Hours,202320,46.7
Delivery time,202320,52.3
Demand,202320,43.9
Output prices,202320,54.2
Input prices,202320,68.0
Future performance,202320,54.5
Future employees,202320,52.0
Future hours,202320,50.7
Future delivery time,202320,52.3
Future demand,202320,52.6
Future output prices,202320,66.3
Future input prices,202320,77.6
,202320,
"Source: U.S. Census Bureau, Business Trends and Outlook Survey (BTOS) 2023-2025. The Census Bureau has reviewed this data product to ensure appropriate access, use, and disclosure avoidance protection of the confidential source data (Project No. P-7529868, Disclosure Review Board (DRB) approval numbers: CBDRB-FY25-0425).",202320,
Current performance,202319,56.3
Revenues,202319,40.8
Employees,202319,47.7
Hours,202319,45.9
Delivery time,202319,52.6
Demand,202319,43.7
Output prices,202319,54.9
Input prices,202319,69.0
Future performance,202319,54.5
Future employees,202319,52.1
Future hours,202319,50.8
Future delivery time,202319,52.2
Future demand,202319,52.9
Future output prices,202319,65.8
Future input prices,202319,77.3
,202319,
"Source: U.S. Census Bureau, Business Trends and Outlook Survey (BTOS) 2023-2025. The Census Bureau has reviewed this data product to ensure appropriate access, use, and disclosure avoidance protection of the confidential source data (Project No. P-7529868, Disclosure Review Board (DRB) approval numbers: CBDRB-FY25-0425).",202319,
